maskedGroupId,description,subject,memberCount,creationTimestamp,announcementOnly,joinedAt,political_leaning,demographic,topic,organization,organization_type,age,region,maskedMessageId,maskedAuthorId,timestamp,body,maskedMessageReply,maskedReactions,maskedQuotedMessageId,forwardingScore,mediaHash,mediaMimeType,num_bennett_messages,percent_bennett_messages
f59f79ba6bb282764c9f3c0ab576520b,"*חדשות מהרגע הינם קבוצות ווטסאפ המספקות עדכונים וחדשות מהארץ ומהעולם הישר אליכם לנייד 🪀📱*
*כמו כן עולים בערוץ עדכונים חיים מאירועים ביטחוניים, פח''ע וכו' ⭕*

*התכנים שעולים בערוץ הינם על פי סעיף 27 א לזכויות יוצרים ⚠️*

לידיעתכם, בקבוצות נשלחות פרסומות מעת לעת אשר משולבות בין העדכונים.
מערכת חדשות מהרגע אינה אחראית על הפרסומות או על המוצרים המשווקים",חדשות מהרגע 113,723,1648479976,True,2025-08-05 08:48:09,ימין,יהודים חילונים,חדשות ואקטואליה,חדשות מהרגע,חדשות ארציות - ימין,,,07460a7502e15c3d8b9a6b1fcedd3622,0fbd458499e3285d7536418a289d70f7,2025-08-19 10:07:52,"ראש חטיבת התכנון  וכוח אדם בצה״ל שי טייב, הכריז לפני כחודשיים בוועדת חוץ וביטחון על צעדים שיאיצו את ההליך להכרזה על משתמטים. 

כעת מתברר שצה״ל החל בתקופה האחרונה לשלוח צווי  גיוס לצעירים חרדים, בהפרש של כשבועיים בלבד בין צו ראשון לצו שני והשלישי. 

המשמעות: בתוך כחודש וחצי מקבלת הצו הראשון, צעיר חרדי הופך לעריק.

*חדשות מהרגע | איכותי. ישיר. מעניין.*👇🔥
https://chat.whatsapp.com/DtKMJZT8V5sHOcSiAldm4d",,,,0.0,,,6.0,0.49916805324459235
f59f79ba6bb282764c9f3c0ab576520b,"*חדשות מהרגע הינם קבוצות ווטסאפ המספקות עדכונים וחדשות מהארץ ומהעולם הישר אליכם לנייד 🪀📱*
*כמו כן עולים בערוץ עדכונים חיים מאירועים ביטחוניים, פח''ע וכו' ⭕*

*התכנים שעולים בערוץ הינם על פי סעיף 27 א לזכויות יוצרים ⚠️*

לידיעתכם, בקבוצות נשלחות פרסומות מעת לעת אשר משולבות בין העדכונים.
מערכת חדשות מהרגע אינה אחראית על הפרסומות או על המוצרים המשווקים",חדשות מהרגע 113,723,1648479976,True,2025-08-05 08:48:09,ימין,יהודים חילונים,חדשות ואקטואליה,חדשות מהרגע,חדשות ארציות - ימין,,,32e64aa3a326b94eb8597a5db67f1d5a,0fbd458499e3285d7536418a289d70f7,2025-08-19 10:25:11,"שר המשפטים לוין נגד חברת מפלגתו טלי גוטליב: 

זו לא דרכנו! 

הזדעזעתי מההתנהלות המבישה של ח״כ טלי גוטליב כלפי המאבטחים בבית המשפט, ואני מגנה אותה בכל תוקף. השוואת המאבטחים, שרובם המוחלט יוצאי יחידות קרביות, ל״יודנראט״ וכינוי שלהם כ״בהמה״, לא רק שלא תורם למאבק, אלא שהוא חרפה גדולה, זילות השואה וההפך הגמור מהמסר שחבר כנסת צריך להעביר לציבור ולדור הצעיר. ההתנהגות הזו עומדת בסתירה לערכי תנועת הליכוד לאורם גדלתי והתחנכתי.  

כמי שהביא למודעות ציבורית את נושא האכיפה הבררנית הנוראה המשתוללת כאן, הבעתי לא פעם את עמדתי הנחרצת בעניין העוול שנעשה ליונתן אוריך. אבל, מאבטחי בית המשפט הם לא האחראים למצב הזה! 

ההתנהגות של ח״כ גוטליב, חוסר הכבוד שלה וחוסר הקוליגיאליות כלפי ראש הממשלה, שרים וחבריה לסיעה, ההשתלחויות שלה בחברי ליכוד נאמנים שנשאו על גבם את התנועה בימיה הקשים, והפרובוקציות שנעשות על ידה כשיטת עבודה, כל אלה עושים נזק אדיר לליכוד כשאנו בפתחה של שנת בחירות. במו ידיה היא מרחיקה מאיתנו ציבורים רבים. כל זה קורה דווקא כאשר מדי יום שוקלים להצטרף אלינו עוד רבים, שהמאבק הממושך שאני מנהל, לרבות בעניין מינוי נשיא בית המשפט העליון, חשף בפניהם את האמת על מערכת המשפט.

גדלתי על ברכיו של מנחם בגין ז״ל. הצטרפתי לליכוד לפני 34 שנה מיד עם שחרורי משירות חובה. לא עשיתי זאת ערב פריימריז רק כדי להיכנס לכנסת. פעלתי יותר משלושה עשורים בנחישות, בנחרצות ומתוך כבוד ומחויבות מוחלטת לדרך הליכוד, ולחברות וחברי התנועה. אמשיך לפעול בדרכנו ללא מורא, תוך מתן גיבוי לראש הממשלה ולחבריי בממשלה ובכנסת, איש איש בעשייתו החשובה. 

הקיצונים בקפלן לא הרתיעו ולא ירתיעו אותי.  גם הקמפיינים המכוערים נגדי, שנעשים ממניעים אישיים צרים בשם הימין כביכול, לא יזיזו אותי מדרכי כשליח נאמן לדרכה של תנועת הליכוד.

ח״כ גוטליב - תפסיקי לבייש אותנו! תתנצלי!

*חדשות מהרגע | איכותי. ישיר. מעניין.*👇🔥
https://chat.whatsapp.com/DtKMJZT8V5sHOcSiAldm4d",,,,0.0,,,6.0,0.49916805324459235
f59f79ba6bb282764c9f3c0ab576520b,"*חדשות מהרגע הינם קבוצות ווטסאפ המספקות עדכונים וחדשות מהארץ ומהעולם הישר אליכם לנייד 🪀📱*
*כמו כן עולים בערוץ עדכונים חיים מאירועים ביטחוניים, פח''ע וכו' ⭕*

*התכנים שעולים בערוץ הינם על פי סעיף 27 א לזכויות יוצרים ⚠️*

לידיעתכם, בקבוצות נשלחות פרסומות מעת לעת אשר משולבות בין העדכונים.
מערכת חדשות מהרגע אינה אחראית על הפרסומות או על המוצרים המשווקים",חדשות מהרגע 113,723,1648479976,True,2025-08-05 08:48:09,ימין,יהודים חילונים,חדשות ואקטואליה,חדשות מהרגע,חדשות ארציות - ימין,,,5cdd380e24062dcbcd132b0298a1b9fa,8d9fe890c915213c6ee58528f8358a26,2025-08-19 10:31:49,"מוטיבציה יומית:
כל מה שאתה רוצה קיים כבר עכשיו. 
תאמין בעצמך, תחשוב שזה שלך, תרגיש שזה כבר שלך. אם ״תרצה״ את זה ותחשוב ״למה זה עדיין לא שלי״ זה רק ילך ויתרחק ממך.

*חדשות מהרגע |  איכותי. ישיר. מעניין.*👇🔥
https://chat.whatsapp.com/DtKMJZT8V5sHOcSiAldm4d",,,,0.0,,,6.0,0.49916805324459235
f59f79ba6bb282764c9f3c0ab576520b,"*חדשות מהרגע הינם קבוצות ווטסאפ המספקות עדכונים וחדשות מהארץ ומהעולם הישר אליכם לנייד 🪀📱*
*כמו כן עולים בערוץ עדכונים חיים מאירועים ביטחוניים, פח''ע וכו' ⭕*

*התכנים שעולים בערוץ הינם על פי סעיף 27 א לזכויות יוצרים ⚠️*

לידיעתכם, בקבוצות נשלחות פרסומות מעת לעת אשר משולבות בין העדכונים.
מערכת חדשות מהרגע אינה אחראית על הפרסומות או על המוצרים המשווקים",חדשות מהרגע 113,723,1648479976,True,2025-08-05 08:48:09,ימין,יהודים חילונים,חדשות ואקטואליה,חדשות מהרגע,חדשות ארציות - ימין,,,35e2c21accfcc917aff4412ff28f3447,0fbd458499e3285d7536418a289d70f7,2025-08-19 10:33:58,"יו""ר ועדת חוץ וביטחון החדש ליוסי דגן: ""ריבונות חשובה מנורמליזציה"". יו""ר הוועדה הנכנס ח""כ בועז  ביסמוט קיים את סיורו הרשמי הראשון - בשומרון. הוא סייר בישובים יחד עם ראש המועצה יוסי דגן, והצהיר: ""להחיל ריבונות, זה הכרעה ונצחון, ובזכותך יוסי זה גם ייעשה. אני מעריך ואוהב אותך"". דגן אמר לו: ""מול הצונאמי מדיני – הניצחון האמיתי הוא החלת ריבונות"" (יניר קוזין - גלי צה''ל)

*חדשות מהרגע | איכותי. ישיר. מעניין.*👇🔥
https://chat.whatsapp.com/DtKMJZT8V5sHOcSiAldm4d",,,,0.0,,video/mp4,6.0,0.49916805324459235
f59f79ba6bb282764c9f3c0ab576520b,"*חדשות מהרגע הינם קבוצות ווטסאפ המספקות עדכונים וחדשות מהארץ ומהעולם הישר אליכם לנייד 🪀📱*
*כמו כן עולים בערוץ עדכונים חיים מאירועים ביטחוניים, פח''ע וכו' ⭕*

*התכנים שעולים בערוץ הינם על פי סעיף 27 א לזכויות יוצרים ⚠️*

לידיעתכם, בקבוצות נשלחות פרסומות מעת לעת אשר משולבות בין העדכונים.
מערכת חדשות מהרגע אינה אחראית על הפרסומות או על המוצרים המשווקים",חדשות מהרגע 113,723,1648479976,True,2025-08-05 08:48:09,ימין,יהודים חילונים,חדשות ואקטואליה,חדשות מהרגע,חדשות ארציות - ימין,,,08d72baeb9a0995367410a844d46adf1,0fbd458499e3285d7536418a289d70f7,2025-08-19 10:50:29,"*קטאר: ""תגובת חמאס כמעט זהה למתווה שישראל  הסכימה לו בעבר""*

*חדשות מהרגע | איכותי. ישיר. מעניין.*👇🔥
https://chat.whatsapp.com/DtKMJZT8V5sHOcSiAldm4d",,,,0.0,,,6.0,0.49916805324459235
f59f79ba6bb282764c9f3c0ab576520b,"*חדשות מהרגע הינם קבוצות ווטסאפ המספקות עדכונים וחדשות מהארץ ומהעולם הישר אליכם לנייד 🪀📱*
*כמו כן עולים בערוץ עדכונים חיים מאירועים ביטחוניים, פח''ע וכו' ⭕*

*התכנים שעולים בערוץ הינם על פי סעיף 27 א לזכויות יוצרים ⚠️*

לידיעתכם, בקבוצות נשלחות פרסומות מעת לעת אשר משולבות בין העדכונים.
מערכת חדשות מהרגע אינה אחראית על הפרסומות או על המוצרים המשווקים",חדשות מהרגע 113,723,1648479976,True,2025-08-05 08:48:09,ימין,יהודים חילונים,חדשות ואקטואליה,חדשות מהרגע,חדשות ארציות - ימין,,,cadda432ebff3e63c19c99ec123cd309,8d9fe890c915213c6ee58528f8358a26,2025-08-19 11:09:21,"בחור הישיבה  מ”נזר ישראל” שנעצר הלילה - שוחרר לפני זמן קצר לאחר דיון משמעתי, כך מסר עו”ד שלמה חדד

*חדשות מהרגע | איכותי. ישיר. מעניין.*👇🔥
https://chat.whatsapp.com/DtKMJZT8V5sHOcSiAldm4d",,,,0.0,,,6.0,0.49916805324459235
f59f79ba6bb282764c9f3c0ab576520b,"*חדשות מהרגע הינם קבוצות ווטסאפ המספקות עדכונים וחדשות מהארץ ומהעולם הישר אליכם לנייד 🪀📱*
*כמו כן עולים בערוץ עדכונים חיים מאירועים ביטחוניים, פח''ע וכו' ⭕*

*התכנים שעולים בערוץ הינם על פי סעיף 27 א לזכויות יוצרים ⚠️*

לידיעתכם, בקבוצות נשלחות פרסומות מעת לעת אשר משולבות בין העדכונים.
מערכת חדשות מהרגע אינה אחראית על הפרסומות או על המוצרים המשווקים",חדשות מהרגע 113,723,1648479976,True,2025-08-05 08:48:09,ימין,יהודים חילונים,חדשות ואקטואליה,חדשות מהרגע,חדשות ארציות - ימין,,,e7503361165b1e733b512b779f3eb1af,0fbd458499e3285d7536418a289d70f7,2025-08-19 11:21:07,"*בקואליציה מגנים את דברי גוטליב*

שיקלי: ""זו התבטאות חמורה. אין שום מקום לזילות שואה ולהטחת עלבונות באנשי משמר בתי המשפט""

וסרלאוף: ""מבקש סליחה מעומק ליבי ממשמר בתי המשפט על דבריה המביישים המשפילים והנוראיים של טלי גוטליב""

*חדשות מהרגע | איכותי. ישיר.  מעניין.*👇🔥
https://chat.whatsapp.com/DtKMJZT8V5sHOcSiAldm4d",,,,0.0,,,6.0,0.49916805324459235
f59f79ba6bb282764c9f3c0ab576520b,"*חדשות מהרגע הינם קבוצות ווטסאפ המספקות עדכונים וחדשות מהארץ ומהעולם הישר אליכם לנייד 🪀📱*
*כמו כן עולים בערוץ עדכונים חיים מאירועים ביטחוניים, פח''ע וכו' ⭕*

*התכנים שעולים בערוץ הינם על פי סעיף 27 א לזכויות יוצרים ⚠️*

לידיעתכם, בקבוצות נשלחות פרסומות מעת לעת אשר משולבות בין העדכונים.
מערכת חדשות מהרגע אינה אחראית על הפרסומות או על המוצרים המשווקים",חדשות מהרגע 113,723,1648479976,True,2025-08-05 08:48:09,ימין,יהודים חילונים,חדשות ואקטואליה,חדשות מהרגע,חדשות ארציות - ימין,,,2b3ffa78f3f9e4993c34e28abe7dfc68,0fbd458499e3285d7536418a289d70f7,2025-08-19 11:24:10,"מפחיד:😱
נמר זינק על  רכב תיירים- ונשך נער בן 13
(ישראל היום)

*חדשות מהרגע | איכותי. ישיר. מעניין.*👇🔥
https://chat.whatsapp.com/DtKMJZT8V5sHOcSiAldm4d",,,,0.0,,video/mp4,6.0,0.49916805324459235
f59f79ba6bb282764c9f3c0ab576520b,"*חדשות מהרגע הינם קבוצות ווטסאפ המספקות עדכונים וחדשות מהארץ ומהעולם הישר אליכם לנייד 🪀📱*
*כמו כן עולים בערוץ עדכונים חיים מאירועים ביטחוניים, פח''ע וכו' ⭕*

*התכנים שעולים בערוץ הינם על פי סעיף 27 א לזכויות יוצרים ⚠️*

לידיעתכם, בקבוצות נשלחות פרסומות מעת לעת אשר משולבות בין העדכונים.
מערכת חדשות מהרגע אינה אחראית על הפרסומות או על המוצרים המשווקים",חדשות מהרגע 113,723,1648479976,True,2025-08-05 08:48:09,ימין,יהודים חילונים,חדשות ואקטואליה,חדשות מהרגע,חדשות ארציות - ימין,,,177383c2b3cb79afcd31430946152b48,8d9fe890c915213c6ee58528f8358a26,2025-08-19 11:26:05,"מבוכה לספרד:
*""הצניחה לעזה  מזון מקולקל ובשר חזיר""*
(N12)

*חדשות מהרגע | איכותי. ישיר. מעניין.*👇🔥
https://chat.whatsapp.com/DtKMJZT8V5sHOcSiAldm4d",,,,0.0,,video/mp4,6.0,0.49916805324459235
f59f79ba6bb282764c9f3c0ab576520b,"*חדשות מהרגע הינם קבוצות ווטסאפ המספקות עדכונים וחדשות מהארץ ומהעולם הישר אליכם לנייד 🪀📱*
*כמו כן עולים בערוץ עדכונים חיים מאירועים ביטחוניים, פח''ע וכו' ⭕*

*התכנים שעולים בערוץ הינם על פי סעיף 27 א לזכויות יוצרים ⚠️*

לידיעתכם, בקבוצות נשלחות פרסומות מעת לעת אשר משולבות בין העדכונים.
מערכת חדשות מהרגע אינה אחראית על הפרסומות או על המוצרים המשווקים",חדשות מהרגע 113,723,1648479976,True,2025-08-05 08:48:09,ימין,יהודים חילונים,חדשות ואקטואליה,חדשות מהרגע,חדשות ארציות - ימין,,,c38fb491b0a61f952659a80bec298dbd,0fbd458499e3285d7536418a289d70f7,2025-08-19 11:39:27,"במימון איחוד האמירויות: התקדמות בפרויקט הנחת צינור המים ממצרים לאזור ח'אן  יונס  בדרום הרצועה.

*חדשות מהרגע | איכותי. ישיר. מעניין.*👇🔥
https://chat.whatsapp.com/DtKMJZT8V5sHOcSiAldm4d",,,,0.0,,video/mp4,6.0,0.49916805324459235
f59f79ba6bb282764c9f3c0ab576520b,"*חדשות מהרגע הינם קבוצות ווטסאפ המספקות עדכונים וחדשות מהארץ ומהעולם הישר אליכם לנייד 🪀📱*
*כמו כן עולים בערוץ עדכונים חיים מאירועים ביטחוניים, פח''ע וכו' ⭕*

*התכנים שעולים בערוץ הינם על פי סעיף 27 א לזכויות יוצרים ⚠️*

לידיעתכם, בקבוצות נשלחות פרסומות מעת לעת אשר משולבות בין העדכונים.
מערכת חדשות מהרגע אינה אחראית על הפרסומות או על המוצרים המשווקים",חדשות מהרגע 113,723,1648479976,True,2025-08-05 08:48:09,ימין,יהודים חילונים,חדשות ואקטואליה,חדשות מהרגע,חדשות ארציות - ימין,,,cdb4b7732f2c3206426f750b8fcd99e1,0fbd458499e3285d7536418a289d70f7,2025-08-19 11:47:03,"דייני בית הדין הרבני ברחובות קבעו שגבר יחויב  לשלם לגרושתו דמי כתובה בסך 130 אלף שקלים, מאחר שלא טיפל בבעיית הנחירות שלו: ""בעיית נחירות האיש בשינה ניתנת לפתרון. על פי הפוסקים, אם אדם יכול להשתנות ואינו עושה זאת,  הוא נחשב כמי שמגרש את אשתו מרצונו ומדעתו״

*חדשות מהרגע | איכותי. ישיר. מעניין.*👇🔥
https://chat.whatsapp.com/DtKMJZT8V5sHOcSiAldm4d",,,,0.0,,,6.0,0.49916805324459235
f59f79ba6bb282764c9f3c0ab576520b,"*חדשות מהרגע הינם קבוצות ווטסאפ המספקות עדכונים וחדשות מהארץ ומהעולם הישר אליכם לנייד 🪀📱*
*כמו כן עולים בערוץ עדכונים חיים מאירועים ביטחוניים, פח''ע וכו' ⭕*

*התכנים שעולים בערוץ הינם על פי סעיף 27 א לזכויות יוצרים ⚠️*

לידיעתכם, בקבוצות נשלחות פרסומות מעת לעת אשר משולבות בין העדכונים.
מערכת חדשות מהרגע אינה אחראית על הפרסומות או על המוצרים המשווקים",חדשות מהרגע 113,723,1648479976,True,2025-08-05 08:48:09,ימין,יהודים חילונים,חדשות ואקטואליה,חדשות מהרגע,חדשות ארציות - ימין,,,62d9aeee153c13379380a098aaee221d,8d9fe890c915213c6ee58528f8358a26,2025-08-19 12:14:35,"כאוס ברכבת: *רכבת ישראל הודיעה כי על רקע  השיבושים הנמשכים זה כשבוע, הוחלט לשלב כעת  עבודות בטיחות שתוכננו לחודש ספטמבר. *החל ממחר ולמשך שישה ימים תופסק תנועת הרכבות בין תחנות תל אביב ההגנה וסבידור מרכז, ותחנת השלום תיסגר זמנית. רכבות מדרום יגיעו עד לוד, מירושלים וממודיעין עד נתב""ג, ומצפון עד תל אביב סבידור מרכז.*

*חדשות מהרגע | איכותי. ישיר. מעניין.*👇🔥
https://chat.whatsapp.com/DtKMJZT8V5sHOcSiAldm4d",,,,0.0,,image/jpeg,6.0,0.49916805324459235
f59f79ba6bb282764c9f3c0ab576520b,"*חדשות מהרגע הינם קבוצות ווטסאפ המספקות עדכונים וחדשות מהארץ ומהעולם הישר אליכם לנייד 🪀📱*
*כמו כן עולים בערוץ עדכונים חיים מאירועים ביטחוניים, פח''ע וכו' ⭕*

*התכנים שעולים בערוץ הינם על פי סעיף 27 א לזכויות יוצרים ⚠️*

לידיעתכם, בקבוצות נשלחות פרסומות מעת לעת אשר משולבות בין העדכונים.
מערכת חדשות מהרגע אינה אחראית על הפרסומות או על המוצרים המשווקים",חדשות מהרגע 113,723,1648479976,True,2025-08-05 08:48:09,ימין,יהודים חילונים,חדשות ואקטואליה,חדשות מהרגע,חדשות ארציות - ימין,,,20dd984edfdfc0bdc9587b5d19d87df9,0fbd458499e3285d7536418a289d70f7,2025-08-19 12:31:19,"דרמה באיראן:
חזית המועמדים הרפורמיסטים באיראן, הכוללת חברים מפלגתו של הנשיא פזשכיאן, קראה לממשלה האיראנית להשעות את העשרת האורניום ולקבל פיקוח מלא של הסוכנות הבינ""ל לאנרגיה אטומית (סבא''א). זאת בתמורה להסרת הסנקציות, מתוך תקווה להתחיל במשא ומתן ישיר עם ארצות הברית.
-----------------------------
ייתכן שבשלטון באיראן מבינים שאחרי המלחמה צריך מעט לשחרר, לתת קצת חופש לציבור שנאנק כבר מסוף שנות ה-70 תחת שלטון איסלאמי קיצוני. הם מבינים שאם משמרות המהפכה ימשיכו בקו הזה של דיכוי האוכלוסייה ההתפרצות בוא תבוא, לכן הצעדים הללו נועדו לשחרר  מעט לחץ כדי למנוע את אותה הפיכה ברחוב שכל המערב  מצפה לה.
> צבי יחזקאלי

*חדשות מהרגע | איכותי. ישיר. מעניין.*👇🔥
https://chat.whatsapp.com/DtKMJZT8V5sHOcSiAldm4d",,"[{'reaction': '👍', 'maskedReactingUserId': '4932b3bb8430031a6dff96477651bf8b'}]",,0.0,,,6.0,0.49916805324459235
f59f79ba6bb282764c9f3c0ab576520b,"*חדשות מהרגע הינם קבוצות ווטסאפ המספקות עדכונים וחדשות מהארץ ומהעולם הישר אליכם לנייד 🪀📱*
*כמו כן עולים בערוץ עדכונים חיים מאירועים ביטחוניים, פח''ע וכו' ⭕*

*התכנים שעולים בערוץ הינם על פי סעיף 27 א לזכויות יוצרים ⚠️*

לידיעתכם, בקבוצות נשלחות פרסומות מעת לעת אשר משולבות בין העדכונים.
מערכת חדשות מהרגע אינה אחראית על הפרסומות או על המוצרים המשווקים",חדשות מהרגע 113,723,1648479976,True,2025-08-05 08:48:09,ימין,יהודים חילונים,חדשות ואקטואליה,חדשות מהרגע,חדשות ארציות - ימין,,,6800e344f1ac69d7101cf3366f0e950f,0fbd458499e3285d7536418a289d70f7,2025-08-19 12:45:35,"טראמפ: מקווה שפוטין יתנהג טוב, אם לא זו  תהיה סיטואציה קשה

*חדשות מהרגע | איכותי. ישיר.  מעניין.*👇🔥
https://chat.whatsapp.com/DtKMJZT8V5sHOcSiAldm4d",,,,0.0,,,6.0,0.49916805324459235
f59f79ba6bb282764c9f3c0ab576520b,"*חדשות מהרגע הינם קבוצות ווטסאפ המספקות עדכונים וחדשות מהארץ ומהעולם הישר אליכם לנייד 🪀📱*
*כמו כן עולים בערוץ עדכונים חיים מאירועים ביטחוניים, פח''ע וכו' ⭕*

*התכנים שעולים בערוץ הינם על פי סעיף 27 א לזכויות יוצרים ⚠️*

לידיעתכם, בקבוצות נשלחות פרסומות מעת לעת אשר משולבות בין העדכונים.
מערכת חדשות מהרגע אינה אחראית על הפרסומות או על המוצרים המשווקים",חדשות מהרגע 113,723,1648479976,True,2025-08-05 08:48:09,ימין,יהודים חילונים,חדשות ואקטואליה,חדשות מהרגע,חדשות ארציות - ימין,,,847afb34e48664848696855c7ed7b44b,8d9fe890c915213c6ee58528f8358a26,2025-08-19 12:45:59,"טראמפ: זלנסקי חייב לגלות גמישות

*חדשות מהרגע | איכותי. ישיר. מעניין.*👇🔥
https://chat.whatsapp.com/DtKMJZT8V5sHOcSiAldm4d",,,,0.0,,,6.0,0.49916805324459235
f59f79ba6bb282764c9f3c0ab576520b,"*חדשות מהרגע הינם קבוצות ווטסאפ המספקות עדכונים וחדשות מהארץ ומהעולם הישר אליכם לנייד 🪀📱*
*כמו כן עולים בערוץ עדכונים חיים מאירועים ביטחוניים, פח''ע וכו' ⭕*

*התכנים שעולים בערוץ הינם על פי סעיף 27 א לזכויות יוצרים ⚠️*

לידיעתכם, בקבוצות נשלחות פרסומות מעת לעת אשר משולבות בין העדכונים.
מערכת חדשות מהרגע אינה אחראית על הפרסומות או על המוצרים המשווקים",חדשות מהרגע 113,723,1648479976,True,2025-08-05 08:48:09,ימין,יהודים חילונים,חדשות ואקטואליה,חדשות מהרגע,חדשות ארציות - ימין,,,e027d327e5b16862f9b743c463ff86ed,0fbd458499e3285d7536418a289d70f7,2025-08-19 12:46:13,"טראמפ:  אוקראינה לא הייתה צריכה לבקש להיות בנאט״ו. זה  אפשרי שפוטין לא רוצה לעשות עסקה, נבין מה קורה עם פוטין בשבועיים הקרובים

*חדשות מהרגע | איכותי. ישיר. מעניין.*👇🔥
https://chat.whatsapp.com/DtKMJZT8V5sHOcSiAldm4d",,,,0.0,,,6.0,0.49916805324459235
f59f79ba6bb282764c9f3c0ab576520b,"*חדשות מהרגע הינם קבוצות ווטסאפ המספקות עדכונים וחדשות מהארץ ומהעולם הישר אליכם לנייד 🪀📱*
*כמו כן עולים בערוץ עדכונים חיים מאירועים ביטחוניים, פח''ע וכו' ⭕*

*התכנים שעולים בערוץ הינם על פי סעיף 27 א לזכויות יוצרים ⚠️*

לידיעתכם, בקבוצות נשלחות פרסומות מעת לעת אשר משולבות בין העדכונים.
מערכת חדשות מהרגע אינה אחראית על הפרסומות או על המוצרים המשווקים",חדשות מהרגע 113,723,1648479976,True,2025-08-05 08:48:09,ימין,יהודים חילונים,חדשות ואקטואליה,חדשות מהרגע,חדשות ארציות - ימין,,,5797474d39bb0608263fbe4a795a5313,0fbd458499e3285d7536418a289d70f7,2025-08-19 12:46:36,"טראמפ: אוקראינה תקבל הרבה שטח

*חדשות מהרגע | איכותי. ישיר. מעניין.*👇🔥
https://chat.whatsapp.com/DtKMJZT8V5sHOcSiAldm4d",,,,0.0,,,6.0,0.49916805324459235
f59f79ba6bb282764c9f3c0ab576520b,"*חדשות מהרגע הינם קבוצות ווטסאפ המספקות עדכונים וחדשות מהארץ ומהעולם הישר אליכם לנייד 🪀📱*
*כמו כן עולים בערוץ עדכונים חיים מאירועים ביטחוניים, פח''ע וכו' ⭕*

*התכנים שעולים בערוץ הינם על פי סעיף 27 א לזכויות יוצרים ⚠️*

לידיעתכם, בקבוצות נשלחות פרסומות מעת לעת אשר משולבות בין העדכונים.
מערכת חדשות מהרגע אינה אחראית על הפרסומות או על המוצרים המשווקים",חדשות מהרגע 113,723,1648479976,True,2025-08-05 08:48:09,ימין,יהודים חילונים,חדשות ואקטואליה,חדשות מהרגע,חדשות ארציות - ימין,,,b4e10e80fc48dbcb1b323ae07ef4c28f,8d9fe890c915213c6ee58528f8358a26,2025-08-19 12:46:53,"טראמפ: זלנסקי ופוטין מסתדרים אולי יותר טוב ממה שחשבתי

*חדשות  מהרגע | איכותי. ישיר. מעניין.*👇🔥
https://chat.whatsapp.com/DtKMJZT8V5sHOcSiAldm4d",,,,0.0,,,6.0,0.49916805324459235
f59f79ba6bb282764c9f3c0ab576520b,"*חדשות מהרגע הינם קבוצות ווטסאפ המספקות עדכונים וחדשות מהארץ ומהעולם הישר אליכם לנייד 🪀📱*
*כמו כן עולים בערוץ עדכונים חיים מאירועים ביטחוניים, פח''ע וכו' ⭕*

*התכנים שעולים בערוץ הינם על פי סעיף 27 א לזכויות יוצרים ⚠️*

לידיעתכם, בקבוצות נשלחות פרסומות מעת לעת אשר משולבות בין העדכונים.
מערכת חדשות מהרגע אינה אחראית על הפרסומות או על המוצרים המשווקים",חדשות מהרגע 113,723,1648479976,True,2025-08-05 08:48:09,ימין,יהודים חילונים,חדשות ואקטואליה,חדשות מהרגע,חדשות ארציות - ימין,,,6b63f521c7ad89d2a8c8a755c7e3e24d,0fbd458499e3285d7536418a289d70f7,2025-08-19 12:47:13,"טראמפ על השיחה אתמול עם פוטין: לא התקשרתי  אליו בנוכחות מנהיגי  אירופה

*חדשות מהרגע | איכותי. ישיר. מעניין.*👇🔥
https://chat.whatsapp.com/DtKMJZT8V5sHOcSiAldm4d",,,,0.0,,,6.0,0.49916805324459235
f59f79ba6bb282764c9f3c0ab576520b,"*חדשות מהרגע הינם קבוצות ווטסאפ המספקות עדכונים וחדשות מהארץ ומהעולם הישר אליכם לנייד 🪀📱*
*כמו כן עולים בערוץ עדכונים חיים מאירועים ביטחוניים, פח''ע וכו' ⭕*

*התכנים שעולים בערוץ הינם על פי סעיף 27 א לזכויות יוצרים ⚠️*

לידיעתכם, בקבוצות נשלחות פרסומות מעת לעת אשר משולבות בין העדכונים.
מערכת חדשות מהרגע אינה אחראית על הפרסומות או על המוצרים המשווקים",חדשות מהרגע 113,723,1648479976,True,2025-08-05 08:48:09,ימין,יהודים חילונים,חדשות ואקטואליה,חדשות מהרגע,חדשות ארציות - ימין,,,03599dc7140fed34068650bfd702506d,0fbd458499e3285d7536418a289d70f7,2025-08-19 13:10:03,"מבוטחי קופת החולים מכבי נותרו היום ללא מענה לאחר שהאתר, האפליקציה  וגם מוקד השירות הושבתו  בגלל הפסקת חשמל אצל ספק התשתית של הקופה, ""בזק בינלאומי""

*חדשות מהרגע | איכותי. ישיר.  מעניין.*👇🔥
https://chat.whatsapp.com/DtKMJZT8V5sHOcSiAldm4d",,,,0.0,,,6.0,0.49916805324459235
f59f79ba6bb282764c9f3c0ab576520b,"*חדשות מהרגע הינם קבוצות ווטסאפ המספקות עדכונים וחדשות מהארץ ומהעולם הישר אליכם לנייד 🪀📱*
*כמו כן עולים בערוץ עדכונים חיים מאירועים ביטחוניים, פח''ע וכו' ⭕*

*התכנים שעולים בערוץ הינם על פי סעיף 27 א לזכויות יוצרים ⚠️*

לידיעתכם, בקבוצות נשלחות פרסומות מעת לעת אשר משולבות בין העדכונים.
מערכת חדשות מהרגע אינה אחראית על הפרסומות או על המוצרים המשווקים",חדשות מהרגע 113,723,1648479976,True,2025-08-05 08:48:09,ימין,יהודים חילונים,חדשות ואקטואליה,חדשות מהרגע,חדשות ארציות - ימין,,,8727f22b0114f77053bf61ea32208a00,8d9fe890c915213c6ee58528f8358a26,2025-08-19 13:34:08,"*לוחמי יחידת אתג""ר פעלו בכפר הפלסטיני נעלין נגד תופעת תיקון כלי רכב ישראלים בשטחי יהודה ושומרון  בניגוד לחוק*

*חדשות מהרגע | איכותי. ישיר. מעניין.*👇🔥
https://chat.whatsapp.com/DtKMJZT8V5sHOcSiAldm4d",,,,0.0,,video/mp4,6.0,0.49916805324459235
f59f79ba6bb282764c9f3c0ab576520b,"*חדשות מהרגע הינם קבוצות ווטסאפ המספקות עדכונים וחדשות מהארץ ומהעולם הישר אליכם לנייד 🪀📱*
*כמו כן עולים בערוץ עדכונים חיים מאירועים ביטחוניים, פח''ע וכו' ⭕*

*התכנים שעולים בערוץ הינם על פי סעיף 27 א לזכויות יוצרים ⚠️*

לידיעתכם, בקבוצות נשלחות פרסומות מעת לעת אשר משולבות בין העדכונים.
מערכת חדשות מהרגע אינה אחראית על הפרסומות או על המוצרים המשווקים",חדשות מהרגע 113,723,1648479976,True,2025-08-05 08:48:09,ימין,יהודים חילונים,חדשות ואקטואליה,חדשות מהרגע,חדשות ארציות - ימין,,,70337db8f4601dd9c579bd6fde60e2d5,0fbd458499e3285d7536418a289d70f7,2025-08-19 13:55:09,"*גל הירש  למשפחות החטופים: ""יש תהליכים, חייבים לשמור על איפול""*

*חדשות מהרגע | איכותי. ישיר. מעניין.*👇🔥
https://chat.whatsapp.com/DtKMJZT8V5sHOcSiAldm4d",,,,0.0,,,6.0,0.49916805324459235
f59f79ba6bb282764c9f3c0ab576520b,"*חדשות מהרגע הינם קבוצות ווטסאפ המספקות עדכונים וחדשות מהארץ ומהעולם הישר אליכם לנייד 🪀📱*
*כמו כן עולים בערוץ עדכונים חיים מאירועים ביטחוניים, פח''ע וכו' ⭕*

*התכנים שעולים בערוץ הינם על פי סעיף 27 א לזכויות יוצרים ⚠️*

לידיעתכם, בקבוצות נשלחות פרסומות מעת לעת אשר משולבות בין העדכונים.
מערכת חדשות מהרגע אינה אחראית על הפרסומות או על המוצרים המשווקים",חדשות מהרגע 113,723,1648479976,True,2025-08-05 08:48:09,ימין,יהודים חילונים,חדשות ואקטואליה,חדשות מהרגע,חדשות ארציות - ימין,,,6cdaa8824ab243cbb7528df2eb377c83,0fbd458499e3285d7536418a289d70f7,2025-08-19 14:17:12,"*״בעט בדלת וירק״: נוסעת התלוננה על התפרצות אלימה מצד  נהג אוטובוס*

*חדשות מהרגע | איכותי. ישיר. מעניין.*👇🔥
https://chat.whatsapp.com/DtKMJZT8V5sHOcSiAldm4d",,,,0.0,,video/mp4,6.0,0.49916805324459235
f59f79ba6bb282764c9f3c0ab576520b,"*חדשות מהרגע הינם קבוצות ווטסאפ המספקות עדכונים וחדשות מהארץ ומהעולם הישר אליכם לנייד 🪀📱*
*כמו כן עולים בערוץ עדכונים חיים מאירועים ביטחוניים, פח''ע וכו' ⭕*

*התכנים שעולים בערוץ הינם על פי סעיף 27 א לזכויות יוצרים ⚠️*

לידיעתכם, בקבוצות נשלחות פרסומות מעת לעת אשר משולבות בין העדכונים.
מערכת חדשות מהרגע אינה אחראית על הפרסומות או על המוצרים המשווקים",חדשות מהרגע 113,723,1648479976,True,2025-08-05 08:48:09,ימין,יהודים חילונים,חדשות ואקטואליה,חדשות מהרגע,חדשות ארציות - ימין,,,c037f77b4ebd6f8f6d887a1ae8c73337,8d9fe890c915213c6ee58528f8358a26,2025-08-19 14:52:11,"ידידיה אפשטיין רושם: מרגיש שאני צריך לספר את הסיפור במלאו עם כל הפרטים. אז כך, בשבוע שעבר ביום חמישי אחי  התאום נעדר ולא היה זמין לטלפונים. פעלו כל הסביבה שלו על מנת לאתר אותו, והצלחנו להבין שהיה בצרפת ומשם עבר לעיר אנטישמית בגרמניה. מייד סגרנו כרטיסי טיסה להגיע למקום, והחלנו לפעול שם. פנינו למשטרה המקומית, שאמרה לנו שהוא עצור בכלא מסיום. הלכנו לכלא, שם נאמר לנו שהוא לא שם. המשכנו לפעול, והצלחנו להבין כי הוא היה בכלא והותקף באירוע אנטישמי. אנחנו יודעים שמצבו לא טוב, ואין אפשרות לתקשר איתו, ולכן הוא מבודד בכלא בעיר ""זארבריקן"" ללא אפשרות שנוכל לפגוש אותו או לדבר איתו. אנחנו יודעים שרק היום הוא דיבר לראשונה בעברית אם הקונסוליה הישראלית, שנמצאת שבע שעות נסיעה לפה, ולכן הם לא מתכוונים לפגוש אותו במיידי. ובעקבות האנטישמיות הוא לא מקבל שום זכות שמגיעה לו כעצור, וחשוב להדגיש כי עד עכשיו שום איש קשר ועורך דין לא שוחח איתנו (שונאים יהודים שם). נכון לעכשיו אנחנו יודעים שהוא במצב רפואי קשה (בעקבות אנטישמית שעבר), ולא יכול בכלל לדבר, ונאמר לנו שיש חשש ממשי לחייו (אחרי כמה ימים בעיר אני יודע לומר שהאנטישמיות פה ברמה גבוהה).

*חדשות מהרגע | איכותי. ישיר. מעניין.*👇🔥
https://chat.whatsapp.com/DtKMJZT8V5sHOcSiAldm4d",,"[{'reaction': '😡', 'maskedReactingUserId': '81247c554c721efc8c54ba2c5f728722'}, {'reaction': '👍', 'maskedReactingUserId': '51e77bd08e1e431ec2e61f60ea79a288'}]",,0.0,,image/jpeg,6.0,0.49916805324459235
f59f79ba6bb282764c9f3c0ab576520b,"*חדשות מהרגע הינם קבוצות ווטסאפ המספקות עדכונים וחדשות מהארץ ומהעולם הישר אליכם לנייד 🪀📱*
*כמו כן עולים בערוץ עדכונים חיים מאירועים ביטחוניים, פח''ע וכו' ⭕*

*התכנים שעולים בערוץ הינם על פי סעיף 27 א לזכויות יוצרים ⚠️*

לידיעתכם, בקבוצות נשלחות פרסומות מעת לעת אשר משולבות בין העדכונים.
מערכת חדשות מהרגע אינה אחראית על הפרסומות או על המוצרים המשווקים",חדשות מהרגע 113,723,1648479976,True,2025-08-05 08:48:09,ימין,יהודים חילונים,חדשות ואקטואליה,חדשות מהרגע,חדשות ארציות - ימין,,,a55da8b03879ef53e295f0f6ceb1abbf,0fbd458499e3285d7536418a289d70f7,2025-08-19 15:31:37,"*מומלץ לנסוע בדרכים חלופיות: עומסים כבדים בכביש 4 באזור המרכז בעקבות הפגנת הפלג הירושלמי*

*חדשות  מהרגע | איכותי. ישיר. מעניין.*👇🔥
https://chat.whatsapp.com/DtKMJZT8V5sHOcSiAldm4d",,,,0.0,,video/mp4,6.0,0.49916805324459235
f59f79ba6bb282764c9f3c0ab576520b,"*חדשות מהרגע הינם קבוצות ווטסאפ המספקות עדכונים וחדשות מהארץ ומהעולם הישר אליכם לנייד 🪀📱*
*כמו כן עולים בערוץ עדכונים חיים מאירועים ביטחוניים, פח''ע וכו' ⭕*

*התכנים שעולים בערוץ הינם על פי סעיף 27 א לזכויות יוצרים ⚠️*

לידיעתכם, בקבוצות נשלחות פרסומות מעת לעת אשר משולבות בין העדכונים.
מערכת חדשות מהרגע אינה אחראית על הפרסומות או על המוצרים המשווקים",חדשות מהרגע 113,723,1648479976,True,2025-08-05 08:48:09,ימין,יהודים חילונים,חדשות ואקטואליה,חדשות מהרגע,חדשות ארציות - ימין,,,d75dd95c43711550a547889088715753,0fbd458499e3285d7536418a289d70f7,2025-08-19 15:45:18,"מתוך ישיבת הממשלה כעת על התקציב- השרים תוקפים את סמוטריץ׳:

בן גביר: זה כסף שהולך לסיוע ההומניטרי לחמאס. תגידו אפשר לדעת כמה הולך אליהם?

סמוטריץ: עוד לא נקבע הסכום. נחליט בקבינט לא פה

סטרוק: זה לא כסף לחמאס, זה כסף למה שהקבינט קבע שהסיוע ילך לאזרחים ישירות ולא לחמאס

קיש: אתם אומרים שזה כסף למלחמה, ביקשתי כסף לסיוע נפשי לתלמידים לא קיבלתי

חיים כץ: אפילו לא הרמת לי טלפון להסביר את הקיצוץ ברווחה והבריאות 

סמוטריץ: עם כל הכבוד אני לא אתקשר עכשיו ל-32 שרים


דיכטר: אפילו עם תינוק בן 8 ימים שמקצצים לו מתייעצים יותר ממה שהתייעצתם כאן עם השרים לפני הקיצוץ הזה

סמוטריץ: אין אצלך אף איש מקצוע במשרד, אין עם מי לדבר, אם אתם אומרים  שאני כזה שר אוצר גרוע אני מתפטר. נמאס לי

*חדשות מהרגע | איכותי. ישיר. מעניין.*👇🔥
https://chat.whatsapp.com/DtKMJZT8V5sHOcSiAldm4d",,,,0.0,,,6.0,0.49916805324459235
f59f79ba6bb282764c9f3c0ab576520b,"*חדשות מהרגע הינם קבוצות ווטסאפ המספקות עדכונים וחדשות מהארץ ומהעולם הישר אליכם לנייד 🪀📱*
*כמו כן עולים בערוץ עדכונים חיים מאירועים ביטחוניים, פח''ע וכו' ⭕*

*התכנים שעולים בערוץ הינם על פי סעיף 27 א לזכויות יוצרים ⚠️*

לידיעתכם, בקבוצות נשלחות פרסומות מעת לעת אשר משולבות בין העדכונים.
מערכת חדשות מהרגע אינה אחראית על הפרסומות או על המוצרים המשווקים",חדשות מהרגע 113,723,1648479976,True,2025-08-05 08:48:09,ימין,יהודים חילונים,חדשות ואקטואליה,חדשות מהרגע,חדשות ארציות - ימין,,,bd6cdcfce4f1f1a774f79937dc79a8d4,8d9fe890c915213c6ee58528f8358a26,2025-08-19 15:45:45,"*פעילי שמאל התעמתו עם השר לביטחון לאומי  איתמר בן גביר במהלך  חופשתו בצפון. בן גביר הרגיע את בנו הקטן: האיש ""רוצה את אבו מאזן"". מתוך הטוויטר של לירי בורק שביט*.

*חדשות מהרגע | איכותי. ישיר. מעניין.*👇🔥
https://chat.whatsapp.com/DtKMJZT8V5sHOcSiAldm4d",,,,0.0,,video/mp4,6.0,0.49916805324459235
f59f79ba6bb282764c9f3c0ab576520b,"*חדשות מהרגע הינם קבוצות ווטסאפ המספקות עדכונים וחדשות מהארץ ומהעולם הישר אליכם לנייד 🪀📱*
*כמו כן עולים בערוץ עדכונים חיים מאירועים ביטחוניים, פח''ע וכו' ⭕*

*התכנים שעולים בערוץ הינם על פי סעיף 27 א לזכויות יוצרים ⚠️*

לידיעתכם, בקבוצות נשלחות פרסומות מעת לעת אשר משולבות בין העדכונים.
מערכת חדשות מהרגע אינה אחראית על הפרסומות או על המוצרים המשווקים",חדשות מהרגע 113,723,1648479976,True,2025-08-05 08:48:09,ימין,יהודים חילונים,חדשות ואקטואליה,חדשות מהרגע,חדשות ארציות - ימין,,,5ca7c17fca9319c51999eb10cdced7e7,0fbd458499e3285d7536418a289d70f7,2025-08-19 15:56:36,"גבול ארה""ב  - מקסיקו: 
מבריחי גבול מקסיקנים מתגברים בקלות  על חומת הגבול באזור קליפורניה

*חדשות מהרגע | איכותי. ישיר. מעניין.*👇🔥
https://chat.whatsapp.com/DtKMJZT8V5sHOcSiAldm4d",,,,0.0,,video/mp4,6.0,0.49916805324459235
f59f79ba6bb282764c9f3c0ab576520b,"*חדשות מהרגע הינם קבוצות ווטסאפ המספקות עדכונים וחדשות מהארץ ומהעולם הישר אליכם לנייד 🪀📱*
*כמו כן עולים בערוץ עדכונים חיים מאירועים ביטחוניים, פח''ע וכו' ⭕*

*התכנים שעולים בערוץ הינם על פי סעיף 27 א לזכויות יוצרים ⚠️*

לידיעתכם, בקבוצות נשלחות פרסומות מעת לעת אשר משולבות בין העדכונים.
מערכת חדשות מהרגע אינה אחראית על הפרסומות או על המוצרים המשווקים",חדשות מהרגע 113,723,1648479976,True,2025-08-05 08:48:09,ימין,יהודים חילונים,חדשות ואקטואליה,חדשות מהרגע,חדשות ארציות - ימין,,,029d8ff24d89893c32e9fdef02686c44,0fbd458499e3285d7536418a289d70f7,2025-08-19 16:06:31,"פרסום ראשון ב'בחדרי': עצרות תפילה המוניות ברחובה של עיר בכל  רחבי הארץ לאור גזירת הגיוס. העצרות יתקיימו השבוע ביום חמישי ערב ראש חודש אלול. גדולי ישראל הגר""ד לנדו והגרמ""ה הירש כתבו מכתב הקורא ליהדות החרדית  לצאת לרחובה של עיר ולזעוק בתחנונים על הגזירה

*חדשות מהרגע | איכותי. ישיר. מעניין.*👇🔥
https://chat.whatsapp.com/DtKMJZT8V5sHOcSiAldm4d",,,,0.0,,,6.0,0.49916805324459235
f59f79ba6bb282764c9f3c0ab576520b,"*חדשות מהרגע הינם קבוצות ווטסאפ המספקות עדכונים וחדשות מהארץ ומהעולם הישר אליכם לנייד 🪀📱*
*כמו כן עולים בערוץ עדכונים חיים מאירועים ביטחוניים, פח''ע וכו' ⭕*

*התכנים שעולים בערוץ הינם על פי סעיף 27 א לזכויות יוצרים ⚠️*

לידיעתכם, בקבוצות נשלחות פרסומות מעת לעת אשר משולבות בין העדכונים.
מערכת חדשות מהרגע אינה אחראית על הפרסומות או על המוצרים המשווקים",חדשות מהרגע 113,723,1648479976,True,2025-08-05 08:48:09,ימין,יהודים חילונים,חדשות ואקטואליה,חדשות מהרגע,חדשות ארציות - ימין,,,b026e11d52596ab60319203e8d57030a,8d9fe890c915213c6ee58528f8358a26,2025-08-19 16:08:43,"יונתן אוריך מגיב

*חדשות  מהרגע | איכותי. ישיר. מעניין.*👇🔥
https://chat.whatsapp.com/DtKMJZT8V5sHOcSiAldm4d",,,,0.0,,image/jpeg,6.0,0.49916805324459235
f59f79ba6bb282764c9f3c0ab576520b,"*חדשות מהרגע הינם קבוצות ווטסאפ המספקות עדכונים וחדשות מהארץ ומהעולם הישר אליכם לנייד 🪀📱*
*כמו כן עולים בערוץ עדכונים חיים מאירועים ביטחוניים, פח''ע וכו' ⭕*

*התכנים שעולים בערוץ הינם על פי סעיף 27 א לזכויות יוצרים ⚠️*

לידיעתכם, בקבוצות נשלחות פרסומות מעת לעת אשר משולבות בין העדכונים.
מערכת חדשות מהרגע אינה אחראית על הפרסומות או על המוצרים המשווקים",חדשות מהרגע 113,723,1648479976,True,2025-08-05 08:48:09,ימין,יהודים חילונים,חדשות ואקטואליה,חדשות מהרגע,חדשות ארציות - ימין,,,503505393409fdd48bd3178b3d8ebd29,0fbd458499e3285d7536418a289d70f7,2025-08-19 16:28:15,"טופז לוק, יועץ ראש הממשלה נתניהו בציוץ תמיכה באוריך

*חדשות מהרגע  | איכותי. ישיר. מעניין.*👇🔥
https://chat.whatsapp.com/DtKMJZT8V5sHOcSiAldm4d",,,,0.0,,image/jpeg,6.0,0.49916805324459235
f59f79ba6bb282764c9f3c0ab576520b,"*חדשות מהרגע הינם קבוצות ווטסאפ המספקות עדכונים וחדשות מהארץ ומהעולם הישר אליכם לנייד 🪀📱*
*כמו כן עולים בערוץ עדכונים חיים מאירועים ביטחוניים, פח''ע וכו' ⭕*

*התכנים שעולים בערוץ הינם על פי סעיף 27 א לזכויות יוצרים ⚠️*

לידיעתכם, בקבוצות נשלחות פרסומות מעת לעת אשר משולבות בין העדכונים.
מערכת חדשות מהרגע אינה אחראית על הפרסומות או על המוצרים המשווקים",חדשות מהרגע 113,723,1648479976,True,2025-08-05 08:48:09,ימין,יהודים חילונים,חדשות ואקטואליה,חדשות מהרגע,חדשות ארציות - ימין,,,d554889c413c5311eb8ebc5781d7aaf3,0fbd458499e3285d7536418a289d70f7,2025-08-19 16:34:02,"סמוטריץ׳ מגיב לעימותים בישיבת הממשלה:

קומץ שרים פופוליסטי שמשתלח, מטיח עלבונות אישיים ומחפש כותרות וסיבובים פוליטיים.  

עם זאת הוא מדגיש שלא יתפטר.

*חדשות מהרגע | איכותי. ישיר. מעניין.*👇🔥
https://chat.whatsapp.com/DtKMJZT8V5sHOcSiAldm4d",,,,0.0,,image/jpeg,6.0,0.49916805324459235
f59f79ba6bb282764c9f3c0ab576520b,"*חדשות מהרגע הינם קבוצות ווטסאפ המספקות עדכונים וחדשות מהארץ ומהעולם הישר אליכם לנייד 🪀📱*
*כמו כן עולים בערוץ עדכונים חיים מאירועים ביטחוניים, פח''ע וכו' ⭕*

*התכנים שעולים בערוץ הינם על פי סעיף 27 א לזכויות יוצרים ⚠️*

לידיעתכם, בקבוצות נשלחות פרסומות מעת לעת אשר משולבות בין העדכונים.
מערכת חדשות מהרגע אינה אחראית על הפרסומות או על המוצרים המשווקים",חדשות מהרגע 113,723,1648479976,True,2025-08-05 08:48:09,ימין,יהודים חילונים,חדשות ואקטואליה,חדשות מהרגע,חדשות ארציות - ימין,,,7b4a356bf8da1c427262fbb2c57926d4,8d9fe890c915213c6ee58528f8358a26,2025-08-19 16:37:19,"מחבלי הנוחבה מקבלים עכשיו שדרוג בתנאי הכליאה. וחלקם אף עשויים להשתחרר בעסקאות הבאות!

׳בצלמו׳ הוא  ארגון ימני היחיד שהצטרף יום-יום לזירות בתי המשפט, נעמד מול השופטים, ולא נותן למחבלים לברוח מעונש.
אין כאן “אחרים שיטפלו בזה”. אם אנחנו לא נהיה שם, זה פשוט לא יקרה.

הכוח שלנו להילחם מגיע ממך. 
לנו אין מיליונים מקרנות זרות בחו״ל. יש לנו אותך!

אל תהיה אדיש ותעמוד מהצד. תילחם בעזרת הכסף שלך!
כל תרומה קטנה כגדולה היא נשק חשוב במאבק הזה.

יחד נביא צדק ונוודא שהמחבלים יקבלו את עונשם! לחץ על הקישור עכשיו והצטרף למאבק >>>
https://givechak.co.il/yoamash?ref=rc",,,,0.0,,image/jpeg,6.0,0.49916805324459235
f59f79ba6bb282764c9f3c0ab576520b,"*חדשות מהרגע הינם קבוצות ווטסאפ המספקות עדכונים וחדשות מהארץ ומהעולם הישר אליכם לנייד 🪀📱*
*כמו כן עולים בערוץ עדכונים חיים מאירועים ביטחוניים, פח''ע וכו' ⭕*

*התכנים שעולים בערוץ הינם על פי סעיף 27 א לזכויות יוצרים ⚠️*

לידיעתכם, בקבוצות נשלחות פרסומות מעת לעת אשר משולבות בין העדכונים.
מערכת חדשות מהרגע אינה אחראית על הפרסומות או על המוצרים המשווקים",חדשות מהרגע 113,723,1648479976,True,2025-08-05 08:48:09,ימין,יהודים חילונים,חדשות ואקטואליה,חדשות מהרגע,חדשות ארציות - ימין,,,220b7747c9c2c1def051d98a7aa90d55,0fbd458499e3285d7536418a289d70f7,2025-08-19 17:09:13,"צה""ל: חיסלנו את אחד מהמחבלים  שלקחו חלק בחטיפת ירדן ביבס

*חדשות מהרגע | איכותי. ישיר. מעניין.*👇🔥
https://chat.whatsapp.com/DtKMJZT8V5sHOcSiAldm4d",,,,0.0,,image/jpeg,6.0,0.49916805324459235
f59f79ba6bb282764c9f3c0ab576520b,"*חדשות מהרגע הינם קבוצות ווטסאפ המספקות עדכונים וחדשות מהארץ ומהעולם הישר אליכם לנייד 🪀📱*
*כמו כן עולים בערוץ עדכונים חיים מאירועים ביטחוניים, פח''ע וכו' ⭕*

*התכנים שעולים בערוץ הינם על פי סעיף 27 א לזכויות יוצרים ⚠️*

לידיעתכם, בקבוצות נשלחות פרסומות מעת לעת אשר משולבות בין העדכונים.
מערכת חדשות מהרגע אינה אחראית על הפרסומות או על המוצרים המשווקים",חדשות מהרגע 113,723,1648479976,True,2025-08-05 08:48:09,ימין,יהודים חילונים,חדשות ואקטואליה,חדשות מהרגע,חדשות ארציות - ימין,,,6526d24f7d3986fc3862b2562548f7b8,0fbd458499e3285d7536418a289d70f7,2025-08-19 17:11:27,"*שר האוצר בצלאל סמוטריץ׳:*

לא קל להיות שר אוצר בתקופת מלחמה. תפקיד תובעני ולא פעם כפוי טובה שדורש לנווט את הכלכלה במים סוערים כך שהיא תתן מענה לכל צרכי המלחמה בחזית ובעורף עד הניצחון בעזרת השם, ולעשות זאת באחריות ולא בפופוליזם, ותוך שמירה על עוצמת הכלכלה, על מנועי צמיחה ועל אמון השווקים, כפי שברוך השם אנו עושים לכל אורך המלחמה.

לפעמים זה עוד יותר לא קל מול קומץ שרים פופוליסטי שמשתלח, מטיח עלבונות  אישיים ומחפש כותרות וסיבובים פוליטיים.

אני מודה לראש הממשלה על האמון והגיבוי ולרוב המוחלט של שרי הממשלה שגילו אחריות לאומית והצביעו בעד הגדלת תקציב הביטחון הנדרשת למימון המלחמה המוצלחת שניהלנו להסרת האיום הקיומי האיראני והבטחת ביטחון ישראל ועתיד האומה.

אמשיך למלא את תפקידי באחריות ובשיתוף פעולה מקסימלי עם חבריי השרים, גם כשיש מחלוקות לגיטימית, כשרק טובת המדינה, כלכלתה וביטחונה לנגד עייני, וללא שום שיקול פוליטי.

*חדשות מהרגע | איכותי. ישיר. מעניין.*👇🔥
https://chat.whatsapp.com/DtKMJZT8V5sHOcSiAldm4d",,,,0.0,,,6.0,0.49916805324459235
f59f79ba6bb282764c9f3c0ab576520b,"*חדשות מהרגע הינם קבוצות ווטסאפ המספקות עדכונים וחדשות מהארץ ומהעולם הישר אליכם לנייד 🪀📱*
*כמו כן עולים בערוץ עדכונים חיים מאירועים ביטחוניים, פח''ע וכו' ⭕*

*התכנים שעולים בערוץ הינם על פי סעיף 27 א לזכויות יוצרים ⚠️*

לידיעתכם, בקבוצות נשלחות פרסומות מעת לעת אשר משולבות בין העדכונים.
מערכת חדשות מהרגע אינה אחראית על הפרסומות או על המוצרים המשווקים",חדשות מהרגע 113,723,1648479976,True,2025-08-05 08:48:09,ימין,יהודים חילונים,חדשות ואקטואליה,חדשות מהרגע,חדשות ארציות - ימין,,,0e517647d6d357c542d3a8329e9a6b9e,8d9fe890c915213c6ee58528f8358a26,2025-08-19 17:11:47,"בן גביר מגיב לסמוטריץ׳:  האם אי פעם עלה על הדעת שמדינת ישראל תממן בעצמה את הסיוע לעזה?

הכסף שמשרד האוצר צריך להעביר לאבטחת מוסדות חינוך ילדי ישראל יועבר לטובת  ילדי עזה.

*חדשות מהרגע | איכותי. ישיר. מעניין.*👇🔥
https://chat.whatsapp.com/DtKMJZT8V5sHOcSiAldm4d",,,,0.0,,image/jpeg,6.0,0.49916805324459235
f59f79ba6bb282764c9f3c0ab576520b,"*חדשות מהרגע הינם קבוצות ווטסאפ המספקות עדכונים וחדשות מהארץ ומהעולם הישר אליכם לנייד 🪀📱*
*כמו כן עולים בערוץ עדכונים חיים מאירועים ביטחוניים, פח''ע וכו' ⭕*

*התכנים שעולים בערוץ הינם על פי סעיף 27 א לזכויות יוצרים ⚠️*

לידיעתכם, בקבוצות נשלחות פרסומות מעת לעת אשר משולבות בין העדכונים.
מערכת חדשות מהרגע אינה אחראית על הפרסומות או על המוצרים המשווקים",חדשות מהרגע 113,723,1648479976,True,2025-08-05 08:48:09,ימין,יהודים חילונים,חדשות ואקטואליה,חדשות מהרגע,חדשות ארציות - ימין,,,84cbda428ba655ae6cc65fd20e0a341d,0fbd458499e3285d7536418a289d70f7,2025-08-19 17:17:16,"*מחזור נוסף יוצא לדרך*

הצטרפו למערך המבצעי של כבאות והצלה לישראל בתפקיד מרתק ומשמעותי


בשירות אזרחי עוד מגוון רחב של תפקידים בגופים ביטחוניים - משטרת ישראל, שירות בתי הסוהר וגופי המודיעין.  שירות עם תרומה לביטחון ופוטנציאל קידום בהמשך

✅ שירות בתפקידי ליבה מבצעיים וטכנולוגיים

✅ התאמה חרדית מלאה

✅ מעטפת תנאים מלאה וזכויות למשך תקופת השירות 

✅ הטבות בסיום השירות

לפרטים על המסלול הביטחוני בשירות אזרחי והרשמה מהירה👈🏼
https://www.haredim-sherut-ezrachi.org/recruitment0825/?utm_source=8


למידע נוסף ניתן לפנות בהודעת וואטסאפ למספר: 072-2202255 ואנו ניצור  קשר בהקדם

(מותנה בעמידה בתנאי סף, בדיקה ביטחונית וראיון אישי)",,,,0.0,,image/jpeg,6.0,0.49916805324459235
f59f79ba6bb282764c9f3c0ab576520b,"*חדשות מהרגע הינם קבוצות ווטסאפ המספקות עדכונים וחדשות מהארץ ומהעולם הישר אליכם לנייד 🪀📱*
*כמו כן עולים בערוץ עדכונים חיים מאירועים ביטחוניים, פח''ע וכו' ⭕*

*התכנים שעולים בערוץ הינם על פי סעיף 27 א לזכויות יוצרים ⚠️*

לידיעתכם, בקבוצות נשלחות פרסומות מעת לעת אשר משולבות בין העדכונים.
מערכת חדשות מהרגע אינה אחראית על הפרסומות או על המוצרים המשווקים",חדשות מהרגע 113,723,1648479976,True,2025-08-05 08:48:09,ימין,יהודים חילונים,חדשות ואקטואליה,חדשות מהרגע,חדשות ארציות - ימין,,,34404804b2b9297ddaa98c71906c8c82,0fbd458499e3285d7536418a289d70f7,2025-08-19 17:40:13,"*לשכת נתניהו: בעקבות פניות כתבים יובהר שוב כי אלו עקרונות ישראל לסיום המלחמה אותם קבע הקבינט*

*חדשות מהרגע | איכותי. ישיר.  מעניין.*👇🔥
https://chat.whatsapp.com/DtKMJZT8V5sHOcSiAldm4d",,,,0.0,,image/jpeg,6.0,0.49916805324459235
f59f79ba6bb282764c9f3c0ab576520b,"*חדשות מהרגע הינם קבוצות ווטסאפ המספקות עדכונים וחדשות מהארץ ומהעולם הישר אליכם לנייד 🪀📱*
*כמו כן עולים בערוץ עדכונים חיים מאירועים ביטחוניים, פח''ע וכו' ⭕*

*התכנים שעולים בערוץ הינם על פי סעיף 27 א לזכויות יוצרים ⚠️*

לידיעתכם, בקבוצות נשלחות פרסומות מעת לעת אשר משולבות בין העדכונים.
מערכת חדשות מהרגע אינה אחראית על הפרסומות או על המוצרים המשווקים",חדשות מהרגע 113,723,1648479976,True,2025-08-05 08:48:09,ימין,יהודים חילונים,חדשות ואקטואליה,חדשות מהרגע,חדשות ארציות - ימין,,,c51c8482f73772489faaa541f7f80cbc,8d9fe890c915213c6ee58528f8358a26,2025-08-19 17:41:37,"דני זקן: האיומים שמשמיעה הנהגת איראן בימים אלה באים בתוך חולשה עצומה ויאוש. כמעט חרחורי גסיסה. איראן במצב נורא, היא הובסה צבאית, המים יאזלו ממש בתוך חודש בחלקים  נרחבים מהמדינה, חשמל יש בצמצום רב, מחסור חריף בדלק! ואין כסף לשלם  משכורות לעובדי הציבור. איומים ריקים מתוך יאוש

*חדשות מהרגע | איכותי. ישיר. מעניין.*👇🔥
https://chat.whatsapp.com/DtKMJZT8V5sHOcSiAldm4d",,,,0.0,,,6.0,0.49916805324459235
f59f79ba6bb282764c9f3c0ab576520b,"*חדשות מהרגע הינם קבוצות ווטסאפ המספקות עדכונים וחדשות מהארץ ומהעולם הישר אליכם לנייד 🪀📱*
*כמו כן עולים בערוץ עדכונים חיים מאירועים ביטחוניים, פח''ע וכו' ⭕*

*התכנים שעולים בערוץ הינם על פי סעיף 27 א לזכויות יוצרים ⚠️*

לידיעתכם, בקבוצות נשלחות פרסומות מעת לעת אשר משולבות בין העדכונים.
מערכת חדשות מהרגע אינה אחראית על הפרסומות או על המוצרים המשווקים",חדשות מהרגע 113,723,1648479976,True,2025-08-05 08:48:09,ימין,יהודים חילונים,חדשות ואקטואליה,חדשות מהרגע,חדשות ארציות - ימין,,,ed91f19f43f0269574fd211b922808b5,0fbd458499e3285d7536418a289d70f7,2025-08-19 17:42:58,"מיכאל שמש מפריך את הפייק  ניוז של יאיר לפיד

*חדשות מהרגע | איכותי. ישיר. מעניין.*👇🔥
https://chat.whatsapp.com/DtKMJZT8V5sHOcSiAldm4d",,,,0.0,,image/jpeg,6.0,0.49916805324459235
f59f79ba6bb282764c9f3c0ab576520b,"*חדשות מהרגע הינם קבוצות ווטסאפ המספקות עדכונים וחדשות מהארץ ומהעולם הישר אליכם לנייד 🪀📱*
*כמו כן עולים בערוץ עדכונים חיים מאירועים ביטחוניים, פח''ע וכו' ⭕*

*התכנים שעולים בערוץ הינם על פי סעיף 27 א לזכויות יוצרים ⚠️*

לידיעתכם, בקבוצות נשלחות פרסומות מעת לעת אשר משולבות בין העדכונים.
מערכת חדשות מהרגע אינה אחראית על הפרסומות או על המוצרים המשווקים",חדשות מהרגע 113,723,1648479976,True,2025-08-05 08:48:09,ימין,יהודים חילונים,חדשות ואקטואליה,חדשות מהרגע,חדשות ארציות - ימין,,,e9cad1766a90ec1ba3c06789dffc6c39,0fbd458499e3285d7536418a289d70f7,2025-08-19 17:53:10,"הגר""מ  אליהו זצ""ל - *מאה ברכות בכל יום מסוגל להבריח מחלות*🗣️

